{
    "n_samples": 64,
    "wall_time_s": 1365.5978,
    "last_window_s": 30.0,
    "warmup_frac": 0.2,
    "rows": [
        {
            "metric": "Total Prompt tok/s",
            "overall": 2975.4236472113894,
            "last_window": 3499.199174328603,
            "steady_state": 3289.0339437343305
        },
        {
            "metric": "New Prompt tok/s",
            "overall": 2975.4236472113894,
            "last_window": 3499.199174328603,
            "steady_state": 3289.0339437343305
        },
        {
            "metric": "Cached Prompt tok/s",
            "overall": 0.0,
            "last_window": 0.0,
            "steady_state": 0.0
        },
        {
            "metric": "Completion tok/s",
            "overall": 47.990703987280476,
            "last_window": 56.43869636013876,
            "steady_state": 53.04893457636017
        }
    ]
}